-4,0,Vj9Z18ZNi1rnDFNxMrkXYkE/MkM=,ifPHKvjZGWpJSbVP2KXl8Hm49JU=
-3,0,Vj9Z18ZNi1rnDFNxMrkXYkE/MkM=,ifPHKvjZGWpJSbVP2KXl8Hm49JU=
-2,0,Vj9Z18ZNi1rnDFNxMrkXYkE/MkM=,8MoAOkKw5vYxL7SFG2TzqxlJJUk=
-1,0,Vj9Z18ZNi1rnDFNxMrkXYkE/MkM=,33BC1tq95t7agwrWGOo8H/tAkBs=
-3,1,Vj9Z18ZNi1rnDFNxMrkXYkE/MkM=,ifPHKvjZGWpJSbVP2KXl8Hm49JU=
-2,1,Vj9Z18ZNi1rnDFNxMrkXYkE/MkM=,4t+iY5p94iP+IOU1+4QNvHbJNr4=
-1,1,Vj9Z18ZNi1rnDFNxMrkXYkE/MkM=,mi/VrWqp0pX0skNBr2jYH2EnvZs=
-4,2,Vj9Z18ZNi1rnDFNxMrkXYkE/MkM=,ifPHKvjZGWpJSbVP2KXl8Hm49JU=
-3,2,Vj9Z18ZNi1rnDFNxMrkXYkE/MkM=,ifPHKvjZGWpJSbVP2KXl8Hm49JU=
-2,2,Vj9Z18ZNi1rnDFNxMrkXYkE/MkM=,+n8/uSZiIjsRHIoxCAbWhoR9D54=
-1,2,Vj9Z18ZNi1rnDFNxMrkXYkE/MkM=,8xjKqNcJ7zV8gEFXnftxFPDZaIo=
-1,3,mc1PlrIKoKcBhjLchS/oaeWyk84=,ifPHKvjZGWpJSbVP2KXl8Hm49JU=
