-5,0,6cQcs7+GTpzbvHR0a0fYwhw5kCw=,cl2awELmsdNGKP5N3rpqW+tUtUo=
-4,0,6cQcs7+GTpzbvHR0a0fYwhw5kCw=,WEmSxinjtCfbDWfc6XlDL34qU0c=
-3,0,6cQcs7+GTpzbvHR0a0fYwhw5kCw=,8znbF4FEpZ4V0Hj83w2PzAiyjdw=
-2,0,6cQcs7+GTpzbvHR0a0fYwhw5kCw=,8znbF4FEpZ4V0Hj83w2PzAiyjdw=
-1,0,6cQcs7+GTpzbvHR0a0fYwhw5kCw=,WEmSxinjtCfbDWfc6XlDL34qU0c=
-5,1,6cQcs7+GTpzbvHR0a0fYwhw5kCw=,jtpXVlRE/gbwcvOUluDEMo7Mlws=
-3,1,6cQcs7+GTpzbvHR0a0fYwhw5kCw=,sOm0YAwP4l1KDmdKyDcJjX9aT1M=
-2,1,6cQcs7+GTpzbvHR0a0fYwhw5kCw=,dv09CKbRT6Zx4lUeQTjqf9bnmDo=
-1,1,6cQcs7+GTpzbvHR0a0fYwhw5kCw=,jtpXVlRE/gbwcvOUluDEMo7Mlws=
-5,2,6cQcs7+GTpzbvHR0a0fYwhw5kCw=,dv09CKbRT6Zx4lUeQTjqf9bnmDo=
-4,2,6cQcs7+GTpzbvHR0a0fYwhw5kCw=,OU7N5Ayit52WeRQPrOTiRAS9DR8=
-3,2,6cQcs7+GTpzbvHR0a0fYwhw5kCw=,lud0Cqj+CRdDJUksQ/geq/rrjZg=
-2,2,6cQcs7+GTpzbvHR0a0fYwhw5kCw=,dv09CKbRT6Zx4lUeQTjqf9bnmDo=
-1,2,6cQcs7+GTpzbvHR0a0fYwhw5kCw=,xLU9xaIcK7bpGgc3GLqxSwLNXvk=
